testuser1.exo,testuser1@yahoo.com
testuser2.exo,testuser2@yahoo.com
testuser3.exo,testuser3@yahoo.com
testuser4.exo,testuser4@yahoo.com
testuser5.exo,testuser5@yahoo.com
testuser6.exo,testuser6@yahoo.com
testuser7.exo,testuser7@yahoo.com
testuser8.exo,testuser8@yahoo.com
testuser9.exo,testuser9@yahoo.com
testuser10.exo,testuser10@yahoo.com
testuser11.exo,testuser11@yahoo.com
testuser12.exo,testuser12@yahoo.com
testuser13.exo,testuser13@yahoo.com
testuser14.exo,testuser14@yahoo.com
testuser15.exo,testuser15@yahoo.com
testuser16.exo,testuser16@yahoo.com
testuser17.exo,testuser17@yahoo.com
testuser18.exo,testuser18@yahoo.com
testuser19.exo,testuser19@yahoo.com
testuser20.exo,testuser20@yahoo.com
testuser21.exo,testuser21@yahoo.com
testuser22.exo,testuser22@yahoo.com
testuser23.exo,testuser23@yahoo.com
testuser24.exo,testuser24@yahoo.com
testuser25.exo,testuser25@yahoo.com
testuser26.exo,testuser26@yahoo.com
testuser27.exo,testuser27@yahoo.com
testuser28.exo,testuser28@yahoo.com
testuser29.exo,testuser29@yahoo.com
testuser30.exo,testuser30@yahoo.com
testuser31.exo,testuser31@yahoo.com
testuser32.exo,testuser32@yahoo.com
testuser33.exo,testuser33@yahoo.com
testuser34.exo,testuser34@yahoo.com
testuser35.exo,testuser35@yahoo.com
testuser36.exo,testuser36@yahoo.com
testuser37.exo,testuser37@yahoo.com
testuser38.exo,testuser38@yahoo.com
testuser39.exo,testuser39@yahoo.com
testuser40.exo,testuser40@yahoo.com
testuser41.exo,testuser41@yahoo.com
testuser42.exo,testuser42@yahoo.com
testuser43.exo,testuser43@yahoo.com
testuser44.exo,testuser44@yahoo.com
testuser45.exo,testuser45@yahoo.com
testuser46.exo,testuser46@yahoo.com
testuser47.exo,testuser47@yahoo.com
testuser48.exo,testuser48@yahoo.com
testuser49.exo,testuser49@yahoo.com
testuser50.exo,testuser50@yahoo.com
testuser51.exo,testuser51@yahoo.com
testuser52.exo,testuser52@yahoo.com
testuser53.exo,testuser53@yahoo.com
testuser54.exo,testuser54@yahoo.com
testuser55.exo,testuser55@yahoo.com
testuser56.exo,testuser56@yahoo.com
testuser57.exo,testuser57@yahoo.com
testuser58.exo,testuser58@yahoo.com
testuser59.exo,testuser59@yahoo.com
testuser60.exo,testuser60@yahoo.com
testuser61.exo,testuser61@yahoo.com
testuser62.exo,testuser62@yahoo.com
testuser63.exo,testuser63@yahoo.com
testuser64.exo,testuser64@yahoo.com
testuser65.exo,testuser65@yahoo.com
testuser66.exo,testuser66@yahoo.com
testuser67.exo,testuser67@yahoo.com
testuser68.exo,testuser68@yahoo.com
testuser69.exo,testuser69@yahoo.com
testuser70.exo,testuser70@yahoo.com
testuser71.exo,testuser71@yahoo.com
testuser72.exo,testuser72@yahoo.com
testuser73.exo,testuser73@yahoo.com
testuser74.exo,testuser74@yahoo.com
testuser75.exo,testuser75@yahoo.com
testuser76.exo,testuser76@yahoo.com
testuser77.exo,testuser77@yahoo.com
testuser78.exo,testuser78@yahoo.com
testuser79.exo,testuser79@yahoo.com
testuser80.exo,testuser80@yahoo.com
testuser81.exo,testuser81@yahoo.com
testuser82.exo,testuser82@yahoo.com
testuser83.exo,testuser83@yahoo.com
testuser84.exo,testuser84@yahoo.com
testuser85.exo,testuser85@yahoo.com
testuser86.exo,testuser86@yahoo.com
testuser87.exo,testuser87@yahoo.com
testuser88.exo,testuser88@yahoo.com
testuser89.exo,testuser89@yahoo.com
testuser90.exo,testuser90@yahoo.com
testuser91.exo,testuser91@yahoo.com
testuser92.exo,testuser92@yahoo.com
testuser93.exo,testuser93@yahoo.com
testuser94.exo,testuser94@yahoo.com
testuser95.exo,testuser95@yahoo.com
testuser96.exo,testuser96@yahoo.com
testuser97.exo,testuser97@yahoo.com
testuser98.exo,testuser98@yahoo.com
testuser99.exo,testuser99@yahoo.com
testuser100.exo,testuser100@yahoo.com
testuser101.exo,testuser101@yahoo.com
testuser102.exo,testuser102@yahoo.com
testuser103.exo,testuser103@yahoo.com
testuser104.exo,testuser104@yahoo.com
testuser105.exo,testuser105@yahoo.com
testuser106.exo,testuser106@yahoo.com
testuser107.exo,testuser107@yahoo.com
testuser108.exo,testuser108@yahoo.com
testuser109.exo,testuser109@yahoo.com
testuser110.exo,testuser110@yahoo.com
testuser111.exo,testuser111@yahoo.com
testuser112.exo,testuser112@yahoo.com
testuser113.exo,testuser113@yahoo.com
testuser114.exo,testuser114@yahoo.com
testuser115.exo,testuser115@yahoo.com
testuser116.exo,testuser116@yahoo.com
testuser117.exo,testuser117@yahoo.com
testuser118.exo,testuser118@yahoo.com
testuser119.exo,testuser119@yahoo.com
testuser120.exo,testuser120@yahoo.com
testuser121.exo,testuser121@yahoo.com
testuser122.exo,testuser122@yahoo.com
testuser123.exo,testuser123@yahoo.com
testuser124.exo,testuser124@yahoo.com
testuser125.exo,testuser125@yahoo.com
testuser126.exo,testuser126@yahoo.com
testuser127.exo,testuser127@yahoo.com
testuser128.exo,testuser128@yahoo.com
testuser129.exo,testuser129@yahoo.com
testuser130.exo,testuser130@yahoo.com
testuser131.exo,testuser131@yahoo.com
testuser132.exo,testuser132@yahoo.com
testuser133.exo,testuser133@yahoo.com
testuser134.exo,testuser134@yahoo.com
testuser135.exo,testuser135@yahoo.com
testuser136.exo,testuser136@yahoo.com
testuser137.exo,testuser137@yahoo.com
testuser138.exo,testuser138@yahoo.com
testuser139.exo,testuser139@yahoo.com
testuser140.exo,testuser140@yahoo.com
testuser141.exo,testuser141@yahoo.com
testuser142.exo,testuser142@yahoo.com
testuser143.exo,testuser143@yahoo.com
testuser144.exo,testuser144@yahoo.com
testuser145.exo,testuser145@yahoo.com
testuser146.exo,testuser146@yahoo.com
testuser145.exo,testuser147@yahoo.com
testuser148.exo,testuser148@yahoo.com
testuser149.exo,testuser149@yahoo.com
testuser150.exo,testuser150@yahoo.com
testuser151.exo,testuser151@yahoo.com
testuser152.exo,testuser152@yahoo.com
testuser153.exo,testuser153@yahoo.com
testuser154.exo,testuser154@yahoo.com
testuser155.exo,testuser155@yahoo.com
testuser156.exo,testuser156@yahoo.com
testuser157.exo,testuser157@yahoo.com
testuser158.exo,testuser158@yahoo.com
testuser159.exo,testuser159@yahoo.com
testuser160.exo,testuser160@yahoo.com
testuser161.exo,testuser161@yahoo.com
testuser162.exo,testuser162@yahoo.com
testuser163.exo,testuser163@yahoo.com
testuser164.exo,testuser164@yahoo.com
testuser165.exo,testuser165@yahoo.com
testuser166.exo,testuser166@yahoo.com
testuser167.exo,testuser167@yahoo.com
testuser168.exo,testuser168@yahoo.com
testuser169.exo,testuser169@yahoo.com
testuser170.exo,testuser170@yahoo.com
testuser171.exo,testuser171@yahoo.com
testuser172.exo,testuser172@yahoo.com
testuser173.exo,testuser173@yahoo.com
testuser174.exo,testuser174@yahoo.com
testuser175.exo,testuser175@yahoo.com
testuser176.exo,testuser176@yahoo.com
testuser177.exo,testuser177@yahoo.com
testuser178.exo,testuser178@yahoo.com
testuser179.exo,testuser179@yahoo.com
testuser180.exo,testuser180@yahoo.com
testuser181.exo,testuser181@yahoo.com
testuser182.exo,testuser182@yahoo.com
testuser183.exo,testuser183@yahoo.com
testuser184.exo,testuser184@yahoo.com
testuser185.exo,testuser185@yahoo.com
testuser186.exo,testuser186@yahoo.com
testuser187.exo,testuser187@yahoo.com
testuser188.exo,testuser188@yahoo.com
testuser189.exo,testuser189@yahoo.com
testuser190.exo,testuser190@yahoo.com
testuser191.exo,testuser191@yahoo.com
testuser192.exo,testuser192@yahoo.com
testuser193.exo,testuser193@yahoo.com
testuser194.exo,testuser194@yahoo.com
testuser195.exo,testuser195@yahoo.com
testuser196.exo,testuser196@yahoo.com
testuser197.exo,testuser197@yahoo.com
testuser198.exo,testuser198@yahoo.com
testuser199.exo,testuser199@yahoo.com
testuser200.exo,testuser200@yahoo.com
